"Image URL","Image Title","Image Caption","Image Description","Image Alt Text","Image Featured","Attachment URL","Home Contact Side","Home Right 1","Home Left 1","Home Left 2","Home Bar 1","Home Trust Elements","Home Center 1","Home Bar 2","Box Content","Button Text","Button Link","Trust Elements","Bottom button Link","Bottom button Text","Bottom Closing statement","Modal 2 title","Modal 2 Content","Strip button link","Strip button text","Strip content","Modal 1 Title","Modal 1 Content",Video,"Main Contact Form Title","Main Contact Form",Benefits,Features,"Section One Top","Section One Bottom","Section Two","Section Three","Section Four","Section Five Title","Section five CTA","CTA link","Contact area title",below-globe,Price,"CTA title","CTA Link","Featured on knowledgebase front page"
https://entermediadb.org/wp-content/uploads/2014/11/ApplicationXconf.png|https://entermediadb.org/wp-content/uploads/2014/11/ApplicationViewGroups-1.png,ApplicationXconf|ApplicationViewGroups-1,|,|,|,,,,,,,,,,,,,,,,,,,,,,,,,,,,,,,,,,,,,,,,,,,
,,,,,,https://entermediadb.org/wp-content/uploads/2014/11/Annotations-Feature-1080P.mp4,,,,,,,,,,,,,,,,,,,,,,,,,,,,,,,,,,,,,,,,,
https://entermediadb.org/wp-content/uploads/2014/11/AssetLibraries_projecttask.png|https://entermediadb.org/wp-content/uploads/2014/11/AssetLibraries_hotfoldertolibrary.png,AssetLibraries_projecttask|AssetLibraries_hotfoldertolibrary,"Assign a project task to have notifications sent to users and content managers. |",|,"Project Task|",,,,,,,,,,,,,,,,,,,,,,,,,,,,,,,,,,,,,,,,,,,
https://entermediadb.org/wp-content/uploads/2014/11/ActiveDirectoryIntegration_sitexconfadintegration.png,ActiveDirectoryIntegration_sitexconfadintegration,,,,,,,,,,,,,,,,,,,,,,,,,,,,,,,,,,,,,,,,,,,,,,1
,,,,,,,,,,,,,,,,,,,,,,,,,,,,,,,,,,,,,,,,,,,,,,,
,,,,,,,,,,,,,,,,,,,,,,,,,,,,,,,,,,,,,,,,,,,,,,,1
https://entermediadb.org/wp-content/uploads/2014/11/Ubuntu-Installation-Linux-Mint-for-EnterMedia.png,"Ubuntu Installation (Linux Mint) for EnterMedia",,,,,,,,,,,,,,,,,,,,,,,,,,,,,,,,,,,,,,,,,,,,,,
,,,,,,,,,,,,,,,,,,,,,,,,,,,,,,,,,,,,,,,,,,,,,,,
,,,,,,,,,,,,,,,,,,,,,,,,,,,,,,,,,,,,,,,,,,,,,,,1
https://entermediadb.org/wp-content/uploads/2014/11/CustomizeApplication_manager.png|https://entermediadb.org/wp-content/uploads/2014/11/CustomizeApplication_createcatalog.png|https://entermediadb.org/wp-content/uploads/2014/11/CustomizeApplication_appwizard.png|https://entermediadb.org/wp-content/uploads/2014/11/CustomizeApplication_exportapp.png|https://entermediadb.org/wp-content/uploads/2014/11/CustomizeApplication_newapp.png|https://entermediadb.org/wp-content/uploads/2014/11/CustomizeApplication_importapp.png|https://entermediadb.org/wp-content/uploads/2014/11/CustomizeApplication_importapp1.png|https://entermediadb.org/wp-content/uploads/2014/11/CustomizeApplication_importapppath.png,CustomizeApplication_manager|CustomizeApplication_createcatalog|CustomizeApplication_appwizard|CustomizeApplication_exportapp|CustomizeApplication_newapp|CustomizeApplication_importapp|CustomizeApplication_importapp|CustomizeApplication_importapppath,|||||||,|||||||,|||||||,,,,,,,,,,,,,,,,,,,,,,,,,,,,,,,,,,,,,,,,,,,
,,,,,,,,,,,,,,,,,,,,,,,,,,,,,,,,,,,,,,,,,,,,,,,
https://entermediadb.org/wp-content/uploads/2014/11/mediadb-diagram1.jpg,mediadb-diagram1,,,,,,,,,,,,,,,,,,,,,,,,,,,,,,,,,,,,,,,,,,,,,,
,,,,,,,,,,,,,,,,,,,,,,,,,,,,,,,,,,,,,,,,,,,,,,,
,,,,,,,,,,,,,,,,,,,,,,,,,,,,,,,,,,,,,,,,,,,,,,,
,,,,,,,,,,,,,,,,,,,,,,,,,,,,,,,,,,,,,,,,,,,,,,,1
,,,,,,,,,,,,,,,,,,,,,,,,,,,,,,,,,,,,,,,,,,,,,,,
,,,,,,,,,,,,,,,,,,,,,,,,,,,,,,,,,,,,,,,,,,,,,,,
,,,,,,,,,,,,,,,,,,,,,,,,,,,,,,,,,,,,,,,,,,,,,,,
,,,,,,,,,,,,,,,,,,,,,,,,,,,,,,,,,,,,,,,,,,,,,,,
,,,,,,,,,,,,,,,,,,,,,,,,,,,,,,,,,,,,,,,,,,,,,,,
,,,,,,,,,,,,,,,,,,,,,,,,,,,,,,,,,,,,,,,,,,,,,,,
,,,,,,,,,,,,,,,,,,,,,,,,,,,,,,,,,,,,,,,,,,,,,,,
,,,,,,,,,,,,,,,,,,,,,,,,,,,,,,,,,,,,,,,,,,,,,,,
,,,,,,,,,,,,,,,,,,,,,,,,,,,,,,,,,,,,,,,,,,,,,,,
,,,,,,,,,,,,,,,,,,,,,,,,,,,,,,,,,,,,,,,,,,,,,,,
,,,,,,,,,,,,,,,,,,,,,,,,,,,,,,,,,,,,,,,,,,,,,,,
,,,,,,,,,,,,,,,,,,,,,,,,,,,,,,,,,,,,,,,,,,,,,,,
https://entermediadb.org/wp-content/uploads/2014/11/Watermark_permission.png|https://entermediadb.org/wp-content/uploads/2014/11/Watermark_imageresult.png|https://entermediadb.org/wp-content/uploads/2015/02/watermarked.png,Watermark_permission|Watermark_imageresult|watermarked,||,||,||,,,,,,,,,,,,,,,,,,,,,,,,,,,,,,,,,,,,,,,,,,,1
https://entermediadb.org/wp-content/uploads/2014/11/VirtualMachine_importappliance.jpg|https://entermediadb.org/wp-content/uploads/2014/11/VirtualMachine_openappliance.png|https://entermediadb.org/wp-content/uploads/2014/11/VirtualMachine_usb.png|https://entermediadb.org/wp-content/uploads/2014/11/VirtualMachine_localhost.png|https://entermediadb.org/wp-content/uploads/2014/11/VirtualMachine_centosimagelogin.png,VirtualMachine_importappliance|VirtualMachine_openappliance|VirtualMachine_usb|VirtualMachine_localhost|VirtualMachine_centosimagelogin,||||,||||,||||,,,,,,,,,,,,,,,,,,,,,,,,,,,,,,,,,,,,,,,,,,,
,,,,,,,,,,,,,,,,,,,,,,,,,,,,,,,,,,,,,,,,,,,,,,,
https://entermediadb.org/wp-content/uploads/2014/11/UsersandGroups_requiredfields.png|https://entermediadb.org/wp-content/uploads/2014/11/UsersandGroups_creategroup.png,UsersandGroups_requiredfields|UsersandGroups_creategroup,|,|,|,,,,,,,,,,,,,,,,,,,,,,,,,,,,,,,,,,,,,,,,,,,
"https://entermediadb.org/wp-content/uploads/2016/02/users/201602/54/daffd89a5/ElasticEmail Account Credentials.png","ElasticEmail Account Credentials",,,,,,,,,,,,,,,,,,,,,,,,,,,,,,,,,,,,,,,,,,,,,,
,,,,,,,,,,,,,,,,,,,,,,,,,,,,,,,,,,,,,,,,,,,,,,,
https://entermediadb.org/wp-content/uploads/2014/11/SupportedFileFormats_table.png|https://entermediadb.org/wp-content/uploads/2014/11/SupportedFileFormats_associatedassettypes.png,SupportedFileFormats_table|SupportedFileFormats_associatedassettypes,|,|,|,,,,,,,,,,,,,,,,,,,,,,,,,,,,,,,,,,,,,,,,,,,
,,,,,,,,,,,,,,,,,,,,,,,,,,,,,,,,,,,,,,,,,,,,,,,
https://entermediadb.org/wp-content/uploads/2014/11/Versioning_hotfolders.png|https://entermediadb.org/wp-content/uploads/2014/11/Versioning_example.png|https://entermediadb.org/wp-content/uploads/2014/11/Versioning_upload.png|https://entermediadb.org/wp-content/uploads/2014/11/Versioning_test.png|https://entermediadb.org/wp-content/uploads/2014/11/Versioning_convert.png|https://entermediadb.org/wp-content/uploads/2014/11/Versioning_test2.png,Versioning_hotfolders|Versioning_example|Versioning_upload|Versioning_test|Versioning_convert|Versioning_test2,|||||,|||||,|||||,,,,,,,,,,,,,,,,,,,,,,,,,,,,,,,,,,,,,,,,,,,
,,,,,,,,,,,,,,,,,,,,,,,,,,,,,,,,,,,,,,,,,,,,,,,
,,,,,,,,,,,,,,,,,,,,,,,,,,,,,,,,,,,,,,,,,,,,,,,
,,,,,,,,,,,,,,,,,,,,,,,,,,,,,,,,,,,,,,,,,,,,,,,
https://entermediadb.org/wp-content/uploads/2014/11/PublishRemoteEM_profile.png|https://entermediadb.org/wp-content/uploads/2014/11/PublishRemoteEM_details.png|https://entermediadb.org/wp-content/uploads/2014/11/PublishRemoteEM_catalogsettings.png,PublishRemoteEM_profile|PublishRemoteEM_details|PublishRemoteEM_catalogsettings,||,||,||,,,,,,,,,,,,,,,,,,,,,,,,,,,,,,,,,,,,,,,,,,,
https://entermediadb.org/wp-content/uploads/2014/11/GeneralPublishing_profiles.png|https://entermediadb.org/wp-content/uploads/2014/11/GeneralPublishing_share.png,GeneralPublishing_profiles|GeneralPublishing_share,|,|,|,,,,,,,,,,,,,,,,,,,,,,,,,,,,,,,,,,,,,,,,,,,
https://entermediadb.org/wp-content/uploads/2014/11/OnetoMany_table.png,OnetoMany_table,,,,,,,,,,,,,,,,,,,,,,,,,,,,,,,,,,,,,,,,,,,,,,
,,,,,,,,,,,,,,,,,,,,,,,,,,,,,,,,,,,,,,,,,,,,,,,
https://entermediadb.org/wp-content/uploads/2014/11/Managing-Medadata-Data-Views.png|https://entermediadb.org/wp-content/uploads/2014/11/Managing-Medadata-Data-Views-2.png|https://entermediadb.org/wp-content/uploads/2014/11/Managing-Medadata-Data-Views-3.png,"Managing Medadata Data Views|Managing Medadata Data Views 2|Managing Medadata Data Views 3",||,||,||,,,,,,,,,,,,,,,,,,,,,,,,,,,,,,,,,,,,,,,,,,,
,,,,,,,,,,,,,,,,,,,,,,,,,,,,,,,,,,,,,,,,,,,,,,,
https://entermediadb.org/wp-content/uploads/2014/11/Settings.png|https://entermediadb.org/wp-content/uploads/2014/11/Module_addmodule.png|https://entermediadb.org/wp-content/uploads/2014/11/Module_namemodule.png|https://entermediadb.org/wp-content/uploads/2014/11/Module_settings.png|https://entermediadb.org/wp-content/uploads/2014/11/Module_connectingfield.png|https://entermediadb.org/wp-content/uploads/2014/11/Modules_joinedbyfield.png,Settings|Module_addmodule|Module_namemodule|Module_settings|Module_connectingfield|Modules_joinedbyfield,|||||,|||||,|||||,,,,,,,,,,,,,,,,,,,,,,,,,,,,,,,,,,,,,,,,,,,
,,,,,,,,,,,,,,,,,,,,,,,,,,,,,,,,,,,,,,,,,,,,,,,
https://entermediadb.org/wp-content/uploads/2014/12/Events_API.png,Events_API,,,,,,,,,,,,,,,,,,,,,,,,,,,,,,,,,,,,,,,,,,,,,,
,,,,,,,,,,,,,,,,,,,,,,,,,,,,,,,,,,,,,,,,,,,,,,,
,,,,,,,,,,,,,,,,,,,,,,,,,,,,,,,,,,,,,,,,,,,,,,,
https://entermediadb.org/wp-content/uploads/2014/12/EMManager_defaultcatalog.png|https://entermediadb.org/wp-content/uploads/2014/12/EMMAnager_emshareexport.png|https://entermediadb.org/wp-content/uploads/2014/12/EMMAnager_emshareexport2.png|https://entermediadb.org/wp-content/uploads/2014/12/EnterMedia-Manager.png,"EMManager_defaultcatalog|EMMAnager_emshareexport|EMMAnager_emshareexport2|EnterMedia Manager",|||,|||,|||,,,,,,,,,,,,,,,,,,,,,,,,,,,,,,,,,,,,,,,,,,,1
,,,,,,,,,,,,,,,,,,,,,,,,,,,,,,,,,,,,,,,,,,,,,,,
https://entermediadb.org/wp-content/uploads/2014/12/MultiUpload_draganddrop.png|https://entermediadb.org/wp-content/uploads/2014/12/MultiUpload_metadata.png|https://entermediadb.org/wp-content/uploads/2014/12/MultiUpload_custommetadata.png,MultiUpload_draganddrop|MultiUpload_metadata|MultiUpload_custommetadata,||,||,||,,,,,,,,,,,,,,,,,,,,,,,,,,,,,,,,,,,,,,,,,,,
,,,,,,,,,,,,,,,,,,,,,,,,,,,,,,,,,,,,,,,,,,,,,,,
,,,,,,,,,,,,,,,,,,,,,,,,,,,,,,,,,,,,,,,,,,,,,,,1
https://entermediadb.org/wp-content/uploads/2014/12/Upgrade_manager.png|https://entermediadb.org/wp-content/uploads/2014/12/Upgrade_plugins.png|https://entermediadb.org/wp-content/uploads/2014/12/Upgrade_plugins1.png,Upgrade_manager|Upgrade_plugins|Upgrade_plugins,||,||,||,,,,,,,,,,,,,,,,,,,,,,,,,,,,,,,,,,,,,,,,,,,1
https://entermediadb.org/wp-content/uploads/2015/02/json-api.jpg,json-api,,,,,,,,,,,,,,,,,,,,,,,,,,,,,,,,,,,,,,,,,,,,,,
,,,,,,,,,,,,,,,,,,,,,,,,,,,,,,,,,,,,,,,,,,,,,,,
,,,,,,,,,,,,,,,,,,,,,,,,,,,,,,,,,,,,,,,,,,,,,,,
,,,,,,,,,,,,,,,,,,,,,,,,,,,,,,,,,,,,,,,,,,,,,,,
,,,,,,,,,,,,,,,,,,,,,,,,,,,,,,,,,,,,,,,,,,,,,,,
https://entermediadb.org/wp-content/uploads/2015/02/AVCONV-FFMPEG-Example-Preset-Configuration.jpg,"AVCONV FFMPEG Example Preset Configuration",,,,,,,,,,,,,,,,,,,,,,,,,,,,,,,,,,,,,,,,,,,,,,
,,,,,,,,,,,,,,,,,,,,,,,,,,,,,,,,,,,,,,,,,,,,,,,
https://entermediadb.org/wp-content/uploads/2015/02/Email-Recipient.jpg,"Email Recipient",,,,,,,,,,,,,,,,,,,,,,,,,,,,,,,,,,,,,,,,,,,,,,
,,,,,,,,,,,,,,,,,,,,,,,,,,,,,,,,,,,,,,,,,,,,,,,
https://entermediadb.org/wp-content/uploads/2015/02/dropbox_images_ex.png|https://entermediadb.org/wp-content/uploads/2015/02/dropbox_em_push.png|https://entermediadb.org/wp-content/uploads/2015/02/Settings-Open-Institute.png,"dropbox_images_ex|dropbox_em_push|Settings Open Institute",||,||,||,,,,,,,,,,,,,,,,,,,,,,,,,,,,,,,,,,,,,,,,,,,
https://entermediadb.org/wp-content/uploads/2015/02/Cascading-New-Table.jpg|https://entermediadb.org/wp-content/uploads/2015/02/Cascading-Second-Level.jpg|https://entermediadb.org/wp-content/uploads/2015/02/Cascading-Second-Level-2.jpg|https://entermediadb.org/wp-content/uploads/2015/02/Cascading-Adding-Field.jpg|https://entermediadb.org/wp-content/uploads/2015/02/Cascading-Adding-Field1.jpg|https://entermediadb.org/wp-content/uploads/2015/02/Cascading-Example.jpg,"Cascading - New Table|Cascading - Second Level|Cascading - Second Level 2|Cascading - Adding Field|Cascading - Adding Field|Cascading - Example",|||||,|||||,|||||,,,,,,,,,,,,,,,,,,,,,,,,,,,,,,,,,,,,,,,,,,,
https://entermediadb.org/wp-content/uploads/2015/02/create-a-script.png|https://entermediadb.org/wp-content/uploads/2015/02/New-Script-Name.png,"create a script|New Script Name",|,|,|,,,,,,,,,,,,,,,,,,,,,,,,,,,,,,,,,,,,,,,,,,,
https://entermediadb.org/wp-content/uploads/2015/02/Cropping-Permission.jpg|https://entermediadb.org/wp-content/uploads/2015/02/Custom-Crop-view.jpg|https://entermediadb.org/wp-content/uploads/2015/02/Hot-Folder-Version-Control.jpg|https://entermediadb.org/wp-content/uploads/2015/02/Version-Revisions.jpg|https://entermediadb.org/wp-content/uploads/2015/02/Add-New-Preset.jpg|https://entermediadb.org/wp-content/uploads/2015/02/Add-New-Conversion.jpg|https://entermediadb.org/wp-content/uploads/2015/02/crop-tool-entermedia.png|https://entermediadb.org/wp-content/uploads/2015/02/crop-tool-entermedia-crop-area.png,"Cropping Permission|Custom Crop view|Hot Folder Version Control|Version Revisions|Add New Preset|Add New Conversion|crop-tool-entermedia|crop-tool-entermedia-crop-area",|||||||,|||||||,|||||||,,,,,,,,,,,,,,,,,,,,,,,,,,,,,,,,,,,,,,,,,,,
,,,,,,,,,,,,,,,,,,,,,,,,,,,,,,,,,,,,,,,,,,,,,,,
https://entermediadb.org/wp-content/uploads/2015/02/Error-Message.jpg|https://entermediadb.org/wp-content/uploads/2015/02/custom-404.jpg,"Error Message|custom 404",|,|,|,,,,,,,,,,,,,,,,,,,,,,,,,,,,,,,,,,,,,,,,,,,
,,,,,,,,,,,,,,,,,,,,,,,,,,,,,,,,,,,,,,,,,,,,,,,
,,,,,,,,,,,,,,,,,,,,,,,,,,,,,,,,,,,,,,,,,,,,,,,
https://entermediadb.org/wp-content/uploads/2015/02/EditingRoles.png|https://entermediadb.org/wp-content/uploads/2015/02/ApplicationPreferences.png|https://entermediadb.org/wp-content/uploads/2015/02/CustomPrivateView.png|https://entermediadb.org/wp-content/uploads/2015/02/PrivateView.png,EditingRoles|ApplicationPreferences|CustomPrivateView|PrivateView,|||,|||,|||,,,,,,,,,,,,,,,,,,,,,,,,,,,,,,,,,,,,,,,,,,,
,,,,,,,,,,,,,,,,,,,,,,,,,,,,,,,,,,,,,,,,,,,,,,,
https://entermediadb.org/wp-content/uploads/2015/02/server_storage.jpg|https://entermediadb.org/wp-content/uploads/2015/02/hot_folder_menu.jpg|https://entermediadb.org/wp-content/uploads/2015/02/HotFolders-Setup.png|https://entermediadb.org/wp-content/uploads/2015/02/hotfoldercreation2.png|https://entermediadb.org/wp-content/uploads/2015/02/sethotfolders.png,"server_storage|hot_folder_menu|HotFolders - Setup|hotfoldercreation2|sethotfolders",||||,||||,||||,,,,,,,,,,,,,,,,,,,,,,,,,,,,,,,,,,,,,,,,,,,
https://entermediadb.org/wp-content/uploads/2015/02/Screen-Shot-2012-08-30-at-3.21.09-PM.png,"Screen Shot 2012-08-30 at 3.21.09 PM",,,,,,,,,,,,,,,,,,,,,,,,,,,,,,,,,,,,,,,,,,,,,,
https://entermediadb.org/wp-content/uploads/2015/02/views-1.png|https://entermediadb.org/wp-content/uploads/2015/02/views-2.png|https://entermediadb.org/wp-content/uploads/2015/02/views-3.png,views-1|views-2|views-3,||,||,||,,,,,,,,,,,,,,,,,,,,,,,,,,,,,,,,,,,,,,,,,,,
https://entermediadb.org/wp-content/uploads/2015/02/multi-1.png|https://entermediadb.org/wp-content/uploads/2015/02/multi-2.png|https://entermediadb.org/wp-content/uploads/2015/02/multi-3.png|https://entermediadb.org/wp-content/uploads/2015/02/multi-4.png,multi-1|multi-2|multi-3|multi-4,|||,|||,|||,,,,,,,,,,,,,,,,,,,,,,,,,,,,,,,,,,,,,,,,,,,
https://entermediadb.org/wp-content/uploads/2015/02/category-1.png|https://entermediadb.org/wp-content/uploads/2015/02/categories-2.png,category-1|categories-2,|,|,|,,,,,,,,,,,,,,,,,,,,,,,,,,,,,,,,,,,,,,,,,,,
,,,,,,,,,,,,,,,,,,,,,,,,,,,,,,,,,,,,,,,,,,,,,,,
https://entermediadb.org/wp-content/uploads/2015/02/video_thumb-1.png|https://entermediadb.org/wp-content/uploads/2015/02/video_thumb-2.png,video_thumb-1|video_thumb-2,|,|,|,,,,,,,,,,,,,,,,,,,,,,,,,,,,,,,,,,,,,,,,,,,
https://entermediadb.org/wp-content/uploads/2015/02/LibreOffice-Page-Previews.png,"LibreOffice - Page Previews",,,,,,,,,,,,,,,,,,,,,,,,,,,,,,,,,,,,,,,,,,,,,,
"https://entermediadb.org/wp-content/uploads/2015/02/MetadataUpload6.3.131.png|https://entermediadb.org/wp-content/uploads/2015/02/DataManagerFieldEdit1.png|https://entermediadb.org/wp-content/uploads/2016/02/users/201602/37/d6e5160bc/Required Fields.png","MetadataUpload6.3.13|DataManagerFieldEdit|Required Fields",||,||,||,,,,,,,,,,,,,,,,,,,,,,,,,,,,,,,,,,,,,,,,,,,
https://entermediadb.org/wp-content/uploads/2015/02/joins-1.jpg|https://entermediadb.org/wp-content/uploads/2015/02/joins1.png|https://entermediadb.org/wp-content/uploads/2015/02/joins2.png|https://entermediadb.org/wp-content/uploads/2015/02/joins3.png|https://entermediadb.org/wp-content/uploads/2015/02/list5.png|https://entermediadb.org/wp-content/uploads/2015/02/join4.png,joins-1|joins1|joins2|joins3|list5|join4,|||||,|||||,|||||,,,,,,,,,,,,,,,,,,,,,,,,,,,,,,,,,,,,,,,,,,,
https://entermediadb.org/wp-content/uploads/2015/02/openedit-1.jpg|https://entermediadb.org/wp-content/uploads/2015/02/openedit-2.jpg|https://entermediadb.org/wp-content/uploads/2015/02/openedit-3.jpg|https://entermediadb.org/wp-content/uploads/2015/02/openedit-4.jpg|https://entermediadb.org/wp-content/uploads/2015/02/openedit-5.jpg|https://entermediadb.org/wp-content/uploads/2015/02/openedit-6.jpg|https://entermediadb.org/wp-content/uploads/2015/02/openedit-7.jpg|https://entermediadb.org/wp-content/uploads/2015/02/openedit-8.jpg|https://entermediadb.org/wp-content/uploads/2015/02/openedit-9.jpg|https://entermediadb.org/wp-content/uploads/2015/02/openedit-10.jpg,openedit-1|openedit-2|openedit-3|openedit-4|openedit-5|openedit-6|openedit-7|openedit-8|openedit-9|openedit-10,|||||||||,|||||||||,|||||||||,,,,,,,,,,,,,,,,,,,,,,,,,,,,,,,,,,,,,,,,,,,
,,,,,,,,,,,,,,,,,,,,,,,,,,,,,,,,,,,,,,,,,,,,,,,
,,,,,,,,,,,,,,,,,,,,,,,,,,,,,,,,,,,,,,,,,,,,,,,
https://entermediadb.org/wp-content/uploads/2015/03/dragdrop-3.png|https://entermediadb.org/wp-content/uploads/2015/03/dragdrop-1.png|https://entermediadb.org/wp-content/uploads/2015/03/dragdrop-2.png,dragdrop-3|dragdrop-1|dragdrop-2,||,||,||,,,,,,,,,,,,,,,,,,,,,,,,,,,,,,,,,,,,,,,,,,,
https://entermediadb.org/wp-content/uploads/2015/03/geotag-1.png|https://entermediadb.org/wp-content/uploads/2015/03/geotag-2.png|https://entermediadb.org/wp-content/uploads/2015/03/geotag-3.png|https://entermediadb.org/wp-content/uploads/2015/03/geotag-4.png|https://entermediadb.org/wp-content/uploads/2015/03/geotag-5.png|https://entermediadb.org/wp-content/uploads/2015/03/assetlocation-Name.png|https://entermediadb.org/wp-content/uploads/2015/03/AssetLocationCustomizedFields.png|https://entermediadb.org/wp-content/uploads/2015/03/gmap-key-table.png|https://entermediadb.org/wp-content/uploads/2015/03/gmap-key-table-1.png|https://entermediadb.org/wp-content/uploads/2015/03/gmap-key-table-2.png,geotag-1|geotag-2|geotag-3|geotag-4|geotag-5|assetlocation-Name|AssetLocationCustomizedFields|gmap-key-table|gmap-key-table|gmap-key-table,|||||||||,|||||||||,|||||||||,,,,,,,,,,,,,,,,,,,,,,,,,,,,,,,,,,,,,,,,,,,
https://entermediadb.org/wp-content/uploads/2015/03/cloudfront.png|https://entermediadb.org/wp-content/uploads/2015/03/cdn_settings.png|https://entermediadb.org/wp-content/uploads/2015/03/create_distribution.png|https://entermediadb.org/wp-content/uploads/2015/03/create_distribution-1.png,cloudfront|cdn_settings|create_distribution|create_distribution,|||,|||,|||,,,,,,,,,,,,,,,,,,,,,,,,,,,,,,,,,,,,,,,,,,,
https://entermediadb.org/wp-content/uploads/2015/04/wordpress4.png|https://entermediadb.org/wp-content/uploads/2015/04/wordpress-pub10.png|https://entermediadb.org/wp-content/uploads/2015/04/wordpress-pub11.png|https://entermediadb.org/wp-content/uploads/2015/04/wordpress-pub12.png|https://entermediadb.org/wp-content/uploads/2015/04/Collection.png,wordpress4|wordpress-pub10|wordpress-pub11|wordpress-pub12|Collection,||||,||||,||||,,,,,,,,,,,,,,,,,,,,,,,,,,,,,,,,,,,,,,,,,,,1
https://entermediadb.org/wp-content/uploads/2015/04/DropBox.png|https://entermediadb.org/wp-content/uploads/2015/04/Screen-Shot-2015-04-02-at-2.00.02-PM.png|https://entermediadb.org/wp-content/uploads/2015/04/Screen-Shot-2015-04-02-at-2.21.02-PM.png,"DropBox|Screen Shot 2015-04-02 at 2.00.02 PM|Screen Shot 2015-04-02 at 2.21.02 PM",||,||,||,,,,,,,,,,,,,,,,,,,,,,,,,,,,,,,,,,,,,,,,,,,
https://entermediadb.org/wp-content/uploads/2015/04/ThemeEditor.png|https://entermediadb.org/wp-content/uploads/2015/04/ThemeEditor2.png|https://entermediadb.org/wp-content/uploads/2015/04/ThemeEditorClearButton.png|https://entermediadb.org/wp-content/uploads/2015/04/themeeditorclearbutton.png|https://entermediadb.org/wp-content/uploads/2015/04/SettingsThemeEditor.png|https://entermediadb.org/wp-content/uploads/2015/04/themeeditorchoosetheme.png|https://entermediadb.org/wp-content/uploads/2015/04/themeeditorimageuploadbutton.png|https://entermediadb.org/wp-content/uploads/2015/04/theme-editor.png,ThemeEditor|ThemeEditor2|ThemeEditorClearButton|themeeditorclearbutton|SettingsThemeEditor|themeeditorchoosetheme|themeeditorimageuploadbutton|theme-editor,|||||||,|||||||,|||||||,,,,,,,,,,,,,,,,,,,,,,,,,,,,,,,,,,,,,,,,,,,
https://entermediadb.org/wp-content/uploads/2015/04/wordpress-pub9.png|https://entermediadb.org/wp-content/uploads/2015/04/wordpress-pub8.png|https://entermediadb.org/wp-content/uploads/2015/04/wordpress-pub7.png|https://entermediadb.org/wp-content/uploads/2015/04/wordpress-pub6.png|https://entermediadb.org/wp-content/uploads/2015/04/wordpress-pub5.png|https://entermediadb.org/wp-content/uploads/2015/04/wordpress-pub4.png|https://entermediadb.org/wp-content/uploads/2015/04/wordpress-pub3.png|https://entermediadb.org/wp-content/uploads/2015/04/wordpress-pub2.png,wordpress-pub9|wordpress-pub8|wordpress-pub7|wordpress-pub6|wordpress-pub5|wordpress-pub4|wordpress-pub3|wordpress-pub2,|||||||,|||||||,|||||||,,,,,,,,,,,,,,,,,,,,,,,,,,,,,,,,,,,,,,,,,,,
https://entermediadb.org/wp-content/uploads/2015/04/PrintPrompt.png|https://entermediadb.org/wp-content/uploads/2015/04/PrintDetailSettings1.png,PrintPrompt|PrintDetailSettings,|,|,|,,,,,,,,,,,,,,,,,,,,,,,,,,,,,,,,,,,,,,,,,,,1
https://entermediadb.org/wp-content/uploads/2015/04/MetadataExportSettings.png|https://entermediadb.org/wp-content/uploads/2015/04/MetadataExport.png,MetadataExportSettings|MetadataExport,|,|,|,,,,,,,,,,,,,,,,,,,,,,,,,,,,,,,,,,,,,,,,,,,1
https://entermediadb.org/wp-content/uploads/2015/04/SnapshotsButton.png|https://entermediadb.org/wp-content/uploads/2015/04/SnapshotsTool.png,SnapshotsButton|SnapshotsTool,|,|,|,,,,,,,,,,,,,,,,,,,,,,,,,,,,,,,,,,,,,,,,,,,
,,,,,,,,,,,,,,,,,,,,,,,,,,,,,,,,,,,,,,,,,,,,,,,
https://entermediadb.org/wp-content/uploads/2015/04/mapview.png|https://entermediadb.org/wp-content/uploads/2015/04/Settings-Views-AddNew.png|https://entermediadb.org/wp-content/uploads/2015/04/Settings-View-Edit.png|https://entermediadb.org/wp-content/uploads/2015/04/Settings-Views-GEO-Setup.png|https://entermediadb.org/wp-content/uploads/2015/04/Settings-DataMgr-Catalogsettings.png|https://entermediadb.org/wp-content/uploads/2015/04/catalogsettings-startlatlong.png|https://entermediadb.org/wp-content/uploads/2015/04/catalogsettings-EditValue.png|https://entermediadb.org/wp-content/uploads/2015/04/GEO-Test-Tab.png|https://entermediadb.org/wp-content/uploads/2015/04/GEO-Test-AddNew.png|https://entermediadb.org/wp-content/uploads/2015/04/GEO-Test-Entered.png|https://entermediadb.org/wp-content/uploads/2015/04/GEO-Test-EditCustomIcon.png,"mapview|Settings-Views-AddNew|Settings-View-Edit|Settings-Views-GEO-Setup|Settings-DataMgr-Catalogsettings|catalogsettings-startlatlong|catalogsettings-EditValue|GEO Test-Tab|GEO Test-AddNew|GEO Test - Entered|GEO Test - EditCustomIcon",||||||||||,||||||||||,||||||||||,,,,,,,,,,,,,,,,,,,,,,,,,,,,,,,,,,,,,,,,,,,
https://entermediadb.org/wp-content/uploads/2015/04/CategoryFolderView1.png|https://entermediadb.org/wp-content/uploads/2015/04/VisualAttachments.png|https://entermediadb.org/wp-content/uploads/2015/04/AttachmentIndicator.png,CategoryFolderView|VisualAttachments|AttachmentIndicator,||,||,||,,,,,,,,,,,,,,,,,,,,,,,,,,,,,,,,,,,,,,,,,,,
,,,,,,,,,,,,,,,,,,,,,,,,,,,,,,,,,,,,,,,,,,,,,,,
,,,,,,,,,,,,,,,,,,,,,,,,,,,,,,,,,,,,,,,,,,,,,,,
,,,,,,,,,,,,,,,,,,,,,,,,,,,,,,,,,,,,,,,,,,,,,,,
,,,,,,,,,,,,,,,,,,,,,,,,,,,,,,,,,,,,,,,,,,,,,,,
https://entermediadb.org/wp-content/uploads/2015/06/EM-Drupal.jpg|https://entermediadb.org/wp-content/uploads/2015/06/EMBridge-AddEMImage-Choices.png|https://entermediadb.org/wp-content/uploads/2015/06/EmBridge-FileInfo-3.png|https://entermediadb.org/wp-content/uploads/2015/06/EMBridge-Settings-Conversions-4.png|https://entermediadb.org/wp-content/uploads/2015/06/EMBridge-Settings-Fields-3.png|https://entermediadb.org/wp-content/uploads/2015/06/EMBridge-Settings-Top-1.png,EM+Drupal|EMBridge-AddEMImage-Choices|EmBridge-FileInfo-3|EMBridge-Settings-Conversions-4|EMBridge-Settings-Fields-3|EMBridge-Settings-Top-1,|||||,|||||,"EM + Drupal logos|||||",,,,,,,,,,,,,,,,,,,,,,,,,,,,,,,,,,,,,,,,,,,
https://entermediadb.org/wp-content/uploads/2015/06/Advanced-Search.png,"Advanced Search",,,,,https://entermediadb.org/wp-content/uploads/2015/06/Search-Options-Full.mp4,,,,,,,,,,,,,,,,,,,,,,,,,,,,,,,,,,,,,,,,,
https://entermediadb.org/wp-content/uploads/2015/07/CatFolderView.png|https://entermediadb.org/wp-content/uploads/2015/07/DebugMode.png,CatFolderView|DebugMode,|,|,|,,,,,,,,,,,,,,,,,,,,,,,,,,,,,,,,,,,,,,,,,,,
,,,,,,,,,,,,,,,,,,,,,,,,,,,,,,,,,,,,,,,,,,,,,,,1
,,,,,,,,,,,,,,,,,,,,,,,,,,,,,,,,,,,,,,,,,,,,,,,
,,,,,,,,,,,,,,,,,,,,,,,,,,,,,,,,,,,,,,,,,,,,,,,
https://entermediadb.org/wp-content/uploads/2015/09/wowza-install-01.png|https://entermediadb.org/wp-content/uploads/2015/09/wowza-install-02.png|https://entermediadb.org/wp-content/uploads/2015/09/wowza-install-03.png|https://entermediadb.org/wp-content/uploads/2015/09/wowza-install-04.png,wowza-install-01|wowza-install-02|wowza-install-03|wowza-install-04,|||,|||,|||,,,,,,,,,,,,,,,,,,,,,,,,,,,,,,,,,,,,,,,,,,,
,,,,,,,,,,,,,,,,,,,,,,,,,,,,,,,,,,,,,,,,,,,,,,,
https://entermediadb.org/wp-content/uploads/2015/10/s3-doc-1.png|https://entermediadb.org/wp-content/uploads/2015/10/s3-doc-2.png|https://entermediadb.org/wp-content/uploads/2015/10/s3-doc-3.png,s3-doc-1|s3-doc-2|s3-doc-3,||,||,||,,,,,,,,,,,,,,,,,,,,,,,,,,,,,,,,,,,,,,,,,,,
https://entermediadb.org/wp-content/uploads/2015/10/Custom-Transcode-menu.png|https://entermediadb.org/wp-content/uploads/2015/10/Custom-Transcode-Creation.png|https://entermediadb.org/wp-content/uploads/2015/10/Preset-Configuration.png|https://entermediadb.org/wp-content/uploads/2015/10/Conversions-Tab.png,"Custom Transcode menu|Custom Transcode Creation|Preset Configuration|Conversions Tab",|||,|||,|||,,,,,,,,,,,,,,,,,,,,,,,,,,,,,,,,,,,,,,,,,,,
https://entermediadb.org/wp-content/uploads/2015/10/awssecurity.png|https://entermediadb.org/wp-content/uploads/2015/10/awsproperties.png|https://entermediadb.org/wp-content/uploads/2015/10/aws-key.png|https://entermediadb.org/wp-content/uploads/2015/10/aws-key-3.png,awssecurity|awsproperties|aws-key|aws-key-3,|||,|||,|||,,,,,,,,,,,,,,,,,,,,,,,,,,,,,,,,,,,,,,,,,,,
https://entermediadb.org/wp-content/uploads/2015/10/Filter-Permissions.png,"Filter Permissions",,,,,,,,,,,,,,,,,,,,,,,,,,,,,,,,,,,,,,,,,,,,,,
https://entermediadb.org/wp-content/uploads/2015/10/joomla-1.png|https://entermediadb.org/wp-content/uploads/2015/10/joomla-2.png|https://entermediadb.org/wp-content/uploads/2015/10/joomla-3.png|https://entermediadb.org/wp-content/uploads/2015/10/joomla-4.png,joomla-1|joomla-2|joomla-3|joomla-4,|||,|||,|||,,,,,,,,,,,,,,,,,,,,,,,,,,,,,,,,,,,,,,,,,,,
https://entermediadb.org/wp-content/uploads/2015/11/deviceid.png|https://entermediadb.org/wp-content/uploads/2015/11/HotFolder.png|https://entermediadb.org/wp-content/uploads/2015/11/share1.png|https://entermediadb.org/wp-content/uploads/2015/11/share2.png|https://entermediadb.org/wp-content/uploads/2015/11/AddDevice.png,deviceid|HotFolder|share1|share2|AddDevice,||||,||||,||||,,,,,,,,,,,,,,,,,,,,,,,,,,,,,,,,,,,,,,,,,,,
https://entermediadb.org/wp-content/uploads/2015/11/hotfolder1.png,hotfolder1,,,,,,,,,,,,,,,,,,,,,,,,,,,,,,,,,,,,,,,,,,,,,,
https://entermediadb.org/wp-content/uploads/2015/12/Ubuntu-Installation-for-Entermedia.png,"Ubuntu Installation for Entermedia",,,,,,,,,,,,,,,,,,,,,,,,,,,,,,,,,,,,,,,,,,,,,,
https://entermediadb.org/wp-content/uploads/2015/12/OAuth.png|https://entermediadb.org/wp-content/uploads/2015/12/0auth-doc-1.png|https://entermediadb.org/wp-content/uploads/2015/12/0auth-doc-2.png|https://entermediadb.org/wp-content/uploads/2015/12/connectgaccount.png|https://entermediadb.org/wp-content/uploads/2015/12/gotosettings.png|https://entermediadb.org/wp-content/uploads/2015/12/Settings-EM-Share.png|https://entermediadb.org/wp-content/uploads/2015/12/Credentials-Google-02.png|https://entermediadb.org/wp-content/uploads/2015/12/oauth-table-doc.png|https://entermediadb.org/wp-content/uploads/2015/12/oauth-table-doc-1.png|https://entermediadb.org/wp-content/uploads/2015/12/oauth-table-doc-2.png,"OAuth|0auth-doc-1|0auth-doc-2|connectgaccount|gotosettings|Settings EM Share|Credentials-Google-02|oauth-table-doc|oauth-table-doc|oauth-table-doc",|||||||||,|||||||||,|||||||||,,,,,,,,,,,,,,,,,,,,,,,,,,,,,,,,,,,,,,,,,,,
,,,,,,,,,,,,,,,,,,,,,,,,,,,,,,,,,,,,,,,,,,,,,,,
,,,,,,,,,,,,,,,,,,,,,,,,,,,,,,,,,,,,,,,,,,,,,,,
,,,,,,,,,,,,,,,,,,,,,,,,,,,,,,,,,,,,,,,,,,,,,,,1
,,,,,,,,,,,,,,,,,,,,,,,,,,,,,,,,,,,,,,,,,,,,,,,
,,,,,,,,,,,,,,,,,,,,,,,,,,,,,,,,,,,,,,,,,,,,,,,
https://entermediadb.org/wp-content/uploads/2016/03/Advanced-Search.png|https://entermediadb.org/wp-content/uploads/2016/03/Categories.png|https://entermediadb.org/wp-content/uploads/2016/03/Filters.png|https://entermediadb.org/wp-content/uploads/2016/03/Libraries-Collections.png|https://entermediadb.org/wp-content/uploads/2016/03/Table-View-Reporting.png|https://entermediadb.org/wp-content/uploads/2016/03/Field-Properties.png|https://entermediadb.org/wp-content/uploads/2016/03/Metadata-example.png,"Advanced Search|Categories|Filters|Libraries Collections|Table View Reporting|Field Properties|Metadata example",||||||,||||||,||||||,,,,,,,,,,,,,,,,,,,,,,,,,,,,,,,,,,,,,,,,,,,
,,,,,,,,,,,,,,,,,,,,,,,,,,,,,,,,,,,,,,,,,,,,,,,
https://entermediadb.org/wp-content/uploads/2016/06/insync-manage-cropped.png|https://entermediadb.org/wp-content/uploads/2016/06/insync-manage-folders-.tiff|https://entermediadb.org/wp-content/uploads/2016/06/insyncmanagefolders.png|https://entermediadb.org/wp-content/uploads/2016/06/hotfolder.png|https://entermediadb.org/wp-content/uploads/2016/06/googleaccesscode.png|https://entermediadb.org/wp-content/uploads/2016/06/createlibrary.png|https://entermediadb.org/wp-content/uploads/2016/06/categories3.png|https://entermediadb.org/wp-content/uploads/2016/06/categories2.png|https://entermediadb.org/wp-content/uploads/2016/06/categories1.png|https://entermediadb.org/wp-content/uploads/2016/06/publish.png|https://entermediadb.org/wp-content/uploads/2016/06/addmediacollection2.png|https://entermediadb.org/wp-content/uploads/2016/06/assets.png|https://entermediadb.org/wp-content/uploads/2016/06/addmediatocollection.png|https://entermediadb.org/wp-content/uploads/2016/06/photoshop.png|https://entermediadb.org/wp-content/uploads/2016/06/export.png,"insync manage cropped|insync manage folders|insyncmanagefolders|hotfolder|googleaccesscode|createlibrary|categories3|categories2|categories1|publish|addmediacollection2|assets|addmediatocollection|photoshop|export",||||||||||||||,||||||||||||||,||||||||||||||,,https://entermediadb.org/wp-content/uploads/2016/06/photoshop.psd,,,,,,,,,,,,,,,,,,,,,,,,,,,,,,,,,,,,,,,,,
,,,,,,,,,,,,,,,,,,,,,,,,,,,,,,,,,,,,,,,,,,,,,,,
,,,,,,,,,,,,,,,,,,,,,,,,,,,,,,,,,,,,,,,,,,,,,,,
,,,,,,,,,,,,,,,,,,,,,,,,,,,,,,,,,,,,,,,,,,,,,,,
https://entermediadb.org/wp-content/uploads/2016/07/doc-multilenguaje.png,doc-multilenguaje,,,,,,,,,,,,,,,,,,,,,,,,,,,,,,,,,,,,,,,,,,,,,,
,,,,,,,,,,,,,,,,,,,,,,,,,,,,,,,,,,,,,,,,,,,,,,,
,,,,,,,,,,,,,,,,,,,,,,,,,,,,,,,,,,,,,,,,,,,,,,,1
,,,,,,,,,,,,,,,,,,,,,,,,,,,,,,,,,,,,,,,,,,,,,,,
https://entermediadb.org/wp-content/uploads/2016/09/archiving-screen-01.png|https://entermediadb.org/wp-content/uploads/2016/09/archiving-screen-02.png,archiving-screen-01|archiving-screen-02,|,|,|,,,,,,,,,,,,,,,,,,,,,,,,,,,,,,,,,,,,,,,,,,,
,,,,,,,,,,,,,,,,,,,,,,,,,,,,,,,,,,,,,,,,,,,,,,,
https://entermediadb.org/wp-content/uploads/2016/09/upload-asset-view-01.png,upload-asset-view-01,,,,,,,,,,,,,,,,,,,,,,,,,,,,,,,,,,,,,,,,,,,,,,
https://entermediadb.org/wp-content/uploads/2016/09/resilio-sync-entermedia-01.png|https://entermediadb.org/wp-content/uploads/2016/09/resilio-sync-entermedia-02.png|https://entermediadb.org/wp-content/uploads/2016/09/resilio-sync-entermedia-03.png|https://entermediadb.org/wp-content/uploads/2016/09/resilio-sync-entermedia-04.png|https://entermediadb.org/wp-content/uploads/2016/09/Screenshot-from-2016-10-12-145409.png|https://entermediadb.org/wp-content/uploads/2016/09/Resilio-Hot-Folder.png,"resilio-sync-entermedia-01|resilio-sync-entermedia-02|resilio-sync-entermedia-03|resilio-sync-entermedia-04|Screenshot from 2016-10-12 14:54:09|Resilio Hot Folder",|||||,|||||,|||||,,,,,,,,,,,,,,,,,,,,,,,,,,,,,,,,,,,,,,,,,,,
,,,,,,,,,,,,,,,,,,,,,,,,,,,,,,,,,,,,,,,,,,,,,,,
https://entermediadb.org/wp-content/uploads/2016/10/Screenshot-from-2016-10-18-16-29-50.png|https://entermediadb.org/wp-content/uploads/2016/10/Rention.png|https://entermediadb.org/wp-content/uploads/2016/10/PolicyAssets.png,"Screenshot from 2016-10-18 16-29-50|Rention|PolicyAssets",||,||,||,,,,,,,,,,,,,,,,,,,,,,,,,,,,,,,,,,,,,,,,,,,
https://entermediadb.org/wp-content/uploads/2016/10/CatalogSettings.png,CatalogSettings,,,,,,,,,,,,,,,,,,,,,,,,,,,,,,,,,,,,,,,,,,,,,,
,,,,,,,,,,,,,,,,,,,,,,,,,,,,,,,,,,,,,,,,,,,,,,,
https://entermediadb.org/wp-content/uploads/2017/04/image00.png|https://entermediadb.org/wp-content/uploads/2017/04/image01.png|https://entermediadb.org/wp-content/uploads/2017/04/image02.png|https://entermediadb.org/wp-content/uploads/2017/04/image03.png|https://entermediadb.org/wp-content/uploads/2017/04/image04.png|https://entermediadb.org/wp-content/uploads/2017/04/image05.png|https://entermediadb.org/wp-content/uploads/2017/04/image06.png|https://entermediadb.org/wp-content/uploads/2017/04/image07.png|https://entermediadb.org/wp-content/uploads/2017/04/image08.png|https://entermediadb.org/wp-content/uploads/2017/04/image09.png|https://entermediadb.org/wp-content/uploads/2017/04/image10.png|https://entermediadb.org/wp-content/uploads/2017/04/image11.png|https://entermediadb.org/wp-content/uploads/2017/04/image12.png|https://entermediadb.org/wp-content/uploads/2017/04/Screen-Shot-2017-05-10-at-3.23.43-PM.png|https://entermediadb.org/wp-content/uploads/2017/04/CanvasEnterMediaShot.png,"image00|image01|image02|image03|image04|image05|image06|image07|image08|image09|image10|Canvas and Entermedia integration|image12|Canvas screenshot|Adding EnterMedia LTI App in Canvas LMS",||||||||||||||,||||||||||||||,"canvas integration|Canvas integration with EnterMedia DAM|Canvas integration with EnterMedia DAM|Canvas integration with EnterMedia|Canvas integration with EnterMedia|Canvas integration with EnterMedia DAM|Canvas integration with EnterMedia|Canvas integration with EnterMedia DAM|Canvas integration with EnterMedia DAM|Canvas integration with EnterMedia DAM|Canvas integration with EnterMedia DAM|Canvas integration with EnterMedia DAM|Canvas integration with EnterMedia DAM|Canvas screenshot for Entermedia integration|Adding EnterMedia LTI App in Canvas LMS",,,,,,,,,,,,,,,,,,,,,,,,,,,,,,,,,,,,,,,,,,,
,,,,,,,,,,,,,,,,,,,,,,,,,,,,,,,,,,,,,,,,,,,,,,,
,,,,,,,,,,,,,,,,,,,,,,,,,,,,,,,,,,,,,,,,,,,,,,,
https://entermediadb.org/wp-content/uploads/2017/04/Settings.png|https://entermediadb.org/wp-content/uploads/2017/04/Settings-Data-Manager-.png|https://entermediadb.org/wp-content/uploads/2017/04/CatalogSettings.png|https://entermediadb.org/wp-content/uploads/2017/04/CatalogSettings-1.png|https://entermediadb.org/wp-content/uploads/2017/04/Data-edit.png|https://entermediadb.org/wp-content/uploads/2017/04/Data-edit-1.png,"Settings|Settings Data Manager|CatalogSettings|CatalogSettings|Data edit|Data edit",|||||,|||||,|||||,,,,,,,,,,,,,,,,,,,,,,,,,,,,,,,,,,,,,,,,,,,
https://entermediadb.org/wp-content/uploads/2017/05/Screen-Shot-2017-05-02-at-3.55.49-PM.png|https://entermediadb.org/wp-content/uploads/2017/05/Screen-Shot-2017-05-02-at-3.56.10-PM.png|https://entermediadb.org/wp-content/uploads/2017/05/Screen-Shot-2017-05-02-at-3.56.25-PM.png|https://entermediadb.org/wp-content/uploads/2017/05/Screen-Shot-2017-05-02-at-3.56.39-PM.png|https://entermediadb.org/wp-content/uploads/2017/05/Screen-Shot-2017-05-02-at-3.56.55-PM.png|https://entermediadb.org/wp-content/uploads/2017/05/Screen-Shot-2017-05-02-at-3.57.10-PM.png|https://entermediadb.org/wp-content/uploads/2017/05/Screen-Shot-2017-05-02-at-3.57.26-PM.png|https://entermediadb.org/wp-content/uploads/2017/05/set-ltiautologinkey.png|https://entermediadb.org/wp-content/uploads/2017/05/default-launch-container.png|https://entermediadb.org/wp-content/uploads/2017/05/moodle-privacy.png|https://entermediadb.org/wp-content/uploads/2017/05/Edit-preconfigured-tool.png,"Screen Shot 2017-05-02 at 3.55.49 PM|Screen Shot 2017-05-02 at 3.56.10 PM|Screen Shot 2017-05-02 at 3.56.25 PM|Screen Shot 2017-05-02 at 3.56.39 PM|Screen Shot 2017-05-02 at 3.56.55 PM|Screen Shot 2017-05-02 at 3.57.10 PM|Screen Shot 2017-05-02 at 3.57.26 PM|set-ltiautologinkey|default-launch-container|moodle-privacy|Edit preconfigured tool",||||||||||,||||||||||,||||||||||,,,,,,,,,,,,,,,,,,,,,,,,,,,,,,,,,,,,,,,,,,,
,,,,,,,,,,,,,,,,,,,,,,,,,,,,,,,,,,,,,,,,,,,,,,,
https://entermediadb.org/wp-content/uploads/2017/05/Expost.png,Expost,,,,,,,,,,,,,,,,,,,,,,,,,,,,,,,,,,,,,,,,,,,,,,
,,,,,,,,,,,,,,,,,,,,,,,,,,,,,,,,,,,,,,,,,,,,,,,
https://entermediadb.org/wp-content/uploads/2017/05/badges-permisson.png|https://entermediadb.org/wp-content/uploads/2017/05/doc-entermedia-badges.jpg|https://entermediadb.org/wp-content/uploads/2017/05/preview-badges.png|https://entermediadb.org/wp-content/uploads/2017/05/badges-doc-badge.png|https://entermediadb.org/wp-content/uploads/2017/05/badges-doc-badge-3.png|https://entermediadb.org/wp-content/uploads/2017/05/badges-doc-badge-2.png,"badges permisson|doc-entermedia-badges|preview badges|badges-doc-badge|badges-doc-badge-3|badges-doc-badge-2",|||||,|||||,|||||,,,,,,,,,,,,,,,,,,,,,,,,,,,,,,,,,,,,,,,,,,,
https://entermediadb.org/wp-content/uploads/2017/05/1-push.png|https://entermediadb.org/wp-content/uploads/2017/05/1-push-1.png|https://entermediadb.org/wp-content/uploads/2017/05/x-push.png|https://entermediadb.org/wp-content/uploads/2017/05/psuh-formats.png|https://entermediadb.org/wp-content/uploads/2017/05/push-to.png|https://entermediadb.org/wp-content/uploads/2017/05/publish-destiantion.png,"1 push|1 push|x push|psuh formats|push to|publish destiantion",|||||,|||||,|||||,,,,,,,,,,,,,,,,,,,,,,,,,,,,,,,,,,,,,,,,,,,
,,,,,,,,,,,,,,,,,,,,,,,,,,,,,,,,,,,,,,,,,,,,,,,
https://entermediadb.org/wp-content/uploads/2017/05/MY-drive.png|https://entermediadb.org/wp-content/uploads/2017/05/Sharedwithme.png,"MY drive|Sharedwithme",|,|,|,,,,,,,,,,,,,,,,,,,,,,,,,,,,,,,,,,,,,,,,,,,
https://entermediadb.org/wp-content/uploads/2017/05/add-new-.png|https://entermediadb.org/wp-content/uploads/2017/05/creating-a-clip.png|https://entermediadb.org/wp-content/uploads/2017/05/downloaded.png|https://entermediadb.org/wp-content/uploads/2017/05/make-bigger.png|https://entermediadb.org/wp-content/uploads/2017/05/move-2.png|https://entermediadb.org/wp-content/uploads/2017/05/Move.png|https://entermediadb.org/wp-content/uploads/2017/05/permission.png|https://entermediadb.org/wp-content/uploads/2017/05/Scenes-squarrls.png|https://entermediadb.org/wp-content/uploads/2017/05/TimelineTab.png|https://entermediadb.org/wp-content/uploads/2017/05/TimelineTab-1.png|https://entermediadb.org/wp-content/uploads/2017/05/OVERALL.png,"add new|creating a clip|downloaded|make bigger|move 2|Move|permission|Scenes squarrls|TimelineTab|TimelineTab|OVERALL",||||||||||,||||||||||,||||||||||,,,,,,,,,,,,,,,,,,,,,,,,,,,,,,,,,,,,,,,,,,,
https://entermediadb.org/wp-content/uploads/2017/06/transcoder.png|https://entermediadb.org/wp-content/uploads/2017/06/reload-thumbnails.png|https://entermediadb.org/wp-content/uploads/2017/06/transcoder-db.png|https://entermediadb.org/wp-content/uploads/2017/06/transcoder-db-1.png|https://entermediadb.org/wp-content/uploads/2017/06/parameters.png|https://entermediadb.org/wp-content/uploads/2017/06/grovvy.png|https://entermediadb.org/wp-content/uploads/2017/06/grovvy-1.png,"transcoder|reload thumbnails|transcoder db|transcoder db|parameters|grovvy|grovvy",||||||,||||||,||||||,,,,,,,,,,,,,,,,,,,,,,,,,,,,,,,,,,,,,,,,,,,
,,,,,,,,,,,,,,,,,,,,,,,,,,,,,,,,,,,,,,,,,,,,,,,
https://entermediadb.org/wp-content/uploads/2017/06/Screenshot_2017-06-21_09-51-51.png|https://entermediadb.org/wp-content/uploads/2017/06/Settings-EM-Share.png,"Screenshot_2017-06-21_09-51-51|Settings   EM Share",|,|,|,,,,,,,,,,,,,,,,,,,,,,,,,,,,,,,,,,,,,,,,,,,
https://entermediadb.org/wp-content/uploads/2017/06/Screenshot_2017-06-21_10-30-45.png|https://entermediadb.org/wp-content/uploads/2017/06/Settings-catalogsettings.png,"Screenshot_2017-06-21_10-30-45|Settings -catalogsettings",|,|,|,,,,,,,,,,,,,,,,,,,,,,,,,,,,,,,,,,,,,,,,,,,
,,,,,,,,,,,,,,,,,,,,,,,,,,,,,,,,,,,,,,,,,,,,,,,
https://entermediadb.org/wp-content/uploads/2017/08/dockerpath.png|https://entermediadb.org/wp-content/uploads/2017/08/dockerpath-1.png|https://entermediadb.org/wp-content/uploads/2017/08/dockerpath-2.png,dockerpath|dockerpath|dockerpath,||,||,||,,,,,,,,,,,,,,,,,,,,,,,,,,,,,,,,,,,,,,,,,,,
https://entermediadb.org/wp-content/uploads/2017/09/SAML.png,SAML,,,,,,,,,,,,,,,,,,,,,,,,,,,,,,,,,,,,,,,,,,,,,,
,,,,,,,,,,,,,,,,,,,,,,,,,,,,,,,,,,,,,,,,,,,,,,,
,,,,,,,,,,,,,,,,,,,,,,,,,,,,,,,,,,,,,,,,,,,,,,,
https://entermediadb.org/wp-content/uploads/2017/10/Google-API-Library-My-Project.png|https://entermediadb.org/wp-content/uploads/2017/10/Google-Dashboard-My-Project.png|https://entermediadb.org/wp-content/uploads/2017/10/Google-Settings-OpenInstitute.png|https://entermediadb.org/wp-content/uploads/2017/10/Google-Search-Open-Institute.png,"Google-API Library My Project|Google-Dashboard My Project|Google-Settings OpenInstitute|Google-Search Open Institute",|||,|||,|||,,,,,,,,,,,,,,,,,,,,,,,,,,,,,,,,,,,,,,,,,,,
https://entermediadb.org/wp-content/uploads/2017/12/import-HF.png|https://entermediadb.org/wp-content/uploads/2017/12/check-original-media.png|https://entermediadb.org/wp-content/uploads/2017/12/remove-deleted-records.png|https://entermediadb.org/wp-content/uploads/2017/12/clear-empty-category-nodes.png,import-HF|check-original-media|remove-deleted-records|clear-empty-category-nodes,|||,|||,|||,,,,,,,,,,,,,,,,,,,,,,,,,,,,,,,,,,,,,,,,,,,
https://entermediadb.org/wp-content/uploads/2018/01/em.png|https://entermediadb.org/wp-content/uploads/2018/01/run-demo-all.png,em|run-demo-all,|,|,|,https://entermediadb.org/wp-content/uploads/2018/01/em.png,,,,,,,,,,,,,,,,,,,,,,,,,,,,,,,,,,,,,,,,,,
,,,,,,,,,,,,,,,,,,,,,,,,,,,,,,,,,,,,,,,,,,,,,,,
https://entermediadb.org/wp-content/uploads/2018/01/EC2-Management-Console.png|https://entermediadb.org/wp-content/uploads/2018/01/EC2-Management-Console-2.png|https://entermediadb.org/wp-content/uploads/2018/01/EC2-Management-Console-3.png|https://entermediadb.org/wp-content/uploads/2018/01/EC2-Management-Console-4.png,"EC2 Management Console|EC2 Management Console 2|EC2 Management Console 3|EC2 Management Console 4",|||,|||,|||,,,,,,,,,,,,,,,,,,,,,,,,,,,,,,,,,,,,,,,,,,,
https://entermediadb.org/wp-content/uploads/2018/01/gcloud-centos7-em9.png,gcloud-centos7-em9,,,,,,,,,,,,,,,,,,,,,,,,,,,,,,,,,,,,,,,,,,,,,,
,,,,,,,,,,,,,,,,,,,,,,,,,,,,,,,,,,,,,,,,,,,,,,,
https://entermediadb.org/wp-content/uploads/2018/03/01-Hotfolders-01.png|https://entermediadb.org/wp-content/uploads/2018/03/01-Hotfolders-02.png,01-Hotfolders-01|01-Hotfolders-02,|,|,|,,,,,,,,,,,,,,,,,,,,,,,,,,,,,,,,,,,,,,,,,,,
https://entermediadb.org/wp-content/uploads/2018/03/01-Upload-01.png|https://entermediadb.org/wp-content/uploads/2018/03/01-Upload-02.png|https://entermediadb.org/wp-content/uploads/2018/03/01-Upload-03.png|https://entermediadb.org/wp-content/uploads/2018/03/01-Upload-04.png,01-Upload-01|01-Upload-02|01-Upload-03|01-Upload-04,|||,|||,|||,,,,,,,,,,,,,,,,,,,,,,,,,,,,,,,,,,,,,,,,,,,
https://entermediadb.org/wp-content/uploads/2018/03/02-Collections-02.png|https://entermediadb.org/wp-content/uploads/2018/03/02-Collections-01.png,02-Collections-02|02-Collections-01,|,|,|,,,,,,,,,,,,,,,,,,,,,,,,,,,,,,,,,,,,,,,,,,,
https://entermediadb.org/wp-content/uploads/2018/03/02-Collections-From-Category-01.png,02-Collections-From-Category-01,,,,,,,,,,,,,,,,,,,,,,,,,,,,,,,,,,,,,,,,,,,,,,
https://entermediadb.org/wp-content/uploads/2018/03/02-Collections-Share-Link-01.png|https://entermediadb.org/wp-content/uploads/2018/03/02-Collections-Share-Link-02.png,02-Collections-Share-Link-01|02-Collections-Share-Link-02,|,|,|,,,,,,,,,,,,,,,,,,,,,,,,,,,,,,,,,,,,,,,,,,,
,,,,,,,,,,,,,,,,,,,,,,,,,,,,,,,,,,,,,,,,,,,,,,,
,,,,,,,,,,,,,,,,,,,,,,,,,,,,,,,,,,,,,,,,,,,,,,,
,,,,,,,,,,,,,,,,,,,,,,,,,,,,,,,,,,,,,,,,,,,,,,,
https://entermediadb.org/wp-content/uploads/2018/03/s3-doc-2.png|https://entermediadb.org/wp-content/uploads/2018/03/s3-doc-3.png|https://entermediadb.org/wp-content/uploads/2018/03/s3-doc-4.png|https://entermediadb.org/wp-content/uploads/2018/03/s3-doc-5.png,s3-doc-2|s3-doc-3|s3-doc-4|s3-doc-5,|||,|||,|||,,,,,,,,,,,,,,,,,,,,,,,,,,,,,,,,,,,,,,,,,,,
https://entermediadb.org/wp-content/uploads/2018/04/presets-01.png|https://entermediadb.org/wp-content/uploads/2018/04/presets-02.png|https://entermediadb.org/wp-content/uploads/2018/04/presets-03.png|https://entermediadb.org/wp-content/uploads/2018/04/presets-04.png|https://entermediadb.org/wp-content/uploads/2018/04/presets-06.png|https://entermediadb.org/wp-content/uploads/2018/04/presets-05.png,presets-01|presets-02|presets-03|presets-04|presets-06|presets-05,|||||,|||||,|||||,,,,,,,,,,,,,,,,,,,,,,,,,,,,,,,,,,,,,,,,,,,
https://entermediadb.org/wp-content/uploads/2018/04/presets-07.png|https://entermediadb.org/wp-content/uploads/2018/04/Transcode-Crop-Sample.png|https://entermediadb.org/wp-content/uploads/2018/04/Transcode-Crop-Sample-1.png,presets-07|Transcode-Crop-Sample|Transcode-Crop-Sample,||,||,||,,,,,,,,,,,,,,,,,,,,,,,,,,,,,,,,,,,,,,,,,,,
,,,,,,,,,,,,,,,,,,,,,,,,,,,,,,,,,,,,,,,,,,,,,,,
,,,,,,,,,,,,,,,,,,,,,,,,,,,,,,,,,,,,,,,,,,,,,,,
https://entermediadb.org/wp-content/uploads/2018/04/add-rsync-folder.png|https://entermediadb.org/wp-content/uploads/2018/04/share-folder-rsync2.png|https://entermediadb.org/wp-content/uploads/2018/04/Sync-Home-EnterMedia-Sync.png|https://entermediadb.org/wp-content/uploads/2018/04/Sync-Home-EnterMedia-Sync-2.png|https://entermediadb.org/wp-content/uploads/2018/04/Sync-Home-EnterMedia-Sync-3.png|https://entermediadb.org/wp-content/uploads/2018/04/Settings-EM-Share-4.png,"add-rsync-folder|share-folder-rsync2|Sync Home EnterMedia Sync|Sync Home EnterMedia Sync 2|Sync Home EnterMedia Sync 3|Settings EM Share 4",|||||,|||||,|||||,,,,,,,,,,,,,,,,,,,,,,,,,,,,,,,,,,,,,,,,,,,
,,,,,,,,,,,,,,,,,,,,,,,,,,,,,,,,,,,,,,,,,,,,,,,
https://entermediadb.org/wp-content/uploads/2018/06/add-to-cart1.png|https://entermediadb.org/wp-content/uploads/2018/06/add-to-cart2.png|https://entermediadb.org/wp-content/uploads/2018/06/orders-module.png|https://entermediadb.org/wp-content/uploads/2018/06/approve-checkout.png|https://entermediadb.org/wp-content/uploads/2018/06/review-items.png|https://entermediadb.org/wp-content/uploads/2018/06/approve-checkout-1.png|https://entermediadb.org/wp-content/uploads/2018/06/EM-4.png|https://entermediadb.org/wp-content/uploads/2018/06/editmode.png|https://entermediadb.org/wp-content/uploads/2018/06/change-terms-and-conditions.png|https://entermediadb.org/wp-content/uploads/2018/06/approve-checkout-2.png,"add-to-cart1|add-to-cart2|orders-module|approve-checkout|review-items|approve-checkout|EM 4|editmode|change-terms-and-conditions|approve-checkout",|||||||||,|||||||||,|||||||||,,,,,,,,,,,,,,,,,,,,,,,,,,,,,,,,,,,,,,,,,,,
https://entermediadb.org/wp-content/uploads/2018/06/Collections-Permissions-01.png|https://entermediadb.org/wp-content/uploads/2018/06/Collections-Permissions-02.png,Collections-Permissions-01|Collections-Permissions-02,|,|,|,,,,,,,,,,,,,,,,,,,,,,,,,,,,,,,,,,,,,,,,,,,
https://entermediadb.org/wp-content/uploads/2018/06/magicsquare.png|https://entermediadb.org/wp-content/uploads/2018/06/editmode-1.png|https://entermediadb.org/wp-content/uploads/2018/06/editpart.png|https://entermediadb.org/wp-content/uploads/2018/06/savechanges.png,magicsquare|editmode|editpart|savechanges,|||,|||,|||,,,,,,,,,,,,,,,,,,,,,,,,,,,,,,,,,,,,,,,,,,,
https://entermediadb.org/wp-content/uploads/2018/08/viewsettings.png|https://entermediadb.org/wp-content/uploads/2018/08/viewsettings-2.png,viewsettings|viewsettings-2,|,|,|,,,,,,,,,,,,,,,,,,,,,,,,,,,,,,,,,,,,,,,,,,,
https://entermediadb.org/wp-content/uploads/2018/08/Settings-AGBU-EMShare.png,"Settings AGBU EMShare",,,,,,,,,,,,,,,,,,,,,,,,,,,,,,,,,,,,,,,,,,,,,,
,,,,,,,,,,,,,,,,,,,,,,,,,,,,,,,,,,,,,,,,,,,,,,,
,,,,,,,,,,,,,,,,,,,,,,,,,,,,,,,,,,,,,,,,,,,,,,,
,,,,,,,,,,,,,,,,,,,,,,,,,,,,,,,,,,,,,,,,,,,,,,,
,,,,,,,,,,,,,,,,,,,,,,,,,,,,,,,,,,,,,,,,,,,,,,,
https://entermediadb.org/wp-content/uploads/2018/08/Bidirectional-Pulling.png|https://entermediadb.org/wp-content/uploads/2018/08/Bidirectional-Pulling-1.png|https://entermediadb.org/wp-content/uploads/2018/08/Bidirectional-Pulling-Event.png|https://entermediadb.org/wp-content/uploads/2018/08/Bidirectional-Pulling-Fields.png|https://entermediadb.org/wp-content/uploads/2018/08/EM-Distributed-Cloud.png,"Bidirectional-Pulling|Bidirectional-Pulling|Bidirectional-Pulling-Event|Bidirectional-Pulling-Fields|EM Distributed Cloud",||||,"||||EnterMedia Distributed Media Cloud","||||EnterMedia Distributed Media Cloud",,,,,,,,,,,,,,,,,,,,,,,,,,,,,,,,,,,,,,,,,,,
https://entermediadb.org/wp-content/uploads/2018/09/Settings-EnterMedia-DAM-Custom-Metadata.png,"Settings EnterMedia DAM Custom Metadata",,,,,,,,,,,,,,,,,,,,,,,,,,,,,,,,,,,,,,,,,,,,,,
,,,,,,,,,,,,,,,,,,,,,,,,,,,,,,,,,,,,,,,,,,,,,,,
,,,,,,,,,,,,,,,,,,,,,,,,,,,,,,,,,,,,,,,,,,,,,,,
,,,,,,,,,,,,,,,,,,,,,,,,,,,,,,,,,,,,,,,,,,,,,,,
,,,,,,,,,,,,,,,,,,,,,,,,,,,,,,,,,,,,,,,,,,,,,,,
https://entermediadb.org/wp-content/uploads/2018/10/Settings-EMShare-1.png|https://entermediadb.org/wp-content/uploads/2018/10/Settings-EMShare-1-1.png|https://entermediadb.org/wp-content/uploads/2018/10/Settings-EMShare-1-2.png|https://entermediadb.org/wp-content/uploads/2018/10/Settings-EMShare-2.png|https://entermediadb.org/wp-content/uploads/2018/10/Settings-EMShare-3.png|https://entermediadb.org/wp-content/uploads/2018/10/Settings-EMShare-4.png|https://entermediadb.org/wp-content/uploads/2018/10/Assets-EMShare.png,"Settings EMShare (1)|Settings EMShare (1)|Settings EMShare (1)|Settings EMShare (2)|Settings EMShare (3)|Settings EMShare (4)|Assets EMShare",||||||,||||||,||||||,,,,,,,,,,,,,,,,,,,,,,,,,,,,,,,,,,,,,,,,,,,
